"aaaa",192.182.33.33,255.255.255.255
"aaab",192.182.33.43,255.255.255.255
"aaac",192.182.33.53,255.255.255.255
"aaad",192.182.33.63,255.255.255.255
"aaae",192.182.33.73,255.255.255.255
"aaaf",192.182.33.83,255.255.255.255
"aaag",192.182.33.93,255.255.255.255
"aaah",192.182.33.34,255.255.255.255
"aaai",192.182.33.35,255.255.255.255
"aaaj",192.182.33.36,255.255.255.255
"aaak",192.182.33.37,255.255.255.255
"aaal",192.182.33.39,255.255.255.255
"aaam",192.182.33.39,255.255.255.255
"aaan",192.182.33.30,255.255.255.255
"aaao",192.182.33.31,255.255.255.255
"aaap",192.182.33.32,255.255.255.255
